keyword,link
tree forest,https://en.wikipedia.org/wiki/Tree
tree structure,https://en.wikipedia.org/wiki/Tree_structure
tree decision,https://en.wikipedia.org/wiki/Decision_tree
tree parse,https://en.wikipedia.org/wiki/Parse_tree
tree command,https://en.wikipedia.org/wiki/Tree_(command)
tree family,https://en.wikipedia.org/wiki/Family_tree
trees folk band,https://en.wikipedia.org/wiki/Trees_(folk_band)
mars planet,https://en.wikipedia.org/wiki/Mars
mars mythology,https://en.wikipedia.org/wiki/Mars_(mythology)
mars chocolate bar,https://en.wikipedia.org/wiki/Mars_(chocolate_bar)
mars bruno singer,https://en.wikipedia.org/wiki/Bruno_Mars
nail anatomy,https://en.wikipedia.org/wiki/Nail_(anatomy)
nail fastener,https://en.wikipedia.org/wiki/Nail_(fastener)
nail relic,https://en.wikipedia.org/wiki/Holy_Nail
nails new wave band,https://en.wikipedia.org/wiki/The_Nails
nails hardcore punk band,https://en.wikipedia.org/wiki/Nails_(band)
bolt fastener,https://en.wikipedia.org/wiki/Bolt_(fastener)
bolt climbing,https://en.wikipedia.org/wiki/Bolt_(climbing)
bolt firearms,https://en.wikipedia.org/wiki/Bolt_(firearms)
bolt crossbow,https://en.wikipedia.org/wiki/Crossbow_bolt
season weather,https://en.wikipedia.org/wiki/Season
season society,https://en.wikipedia.org/wiki/Season_(society)
season sports,https://en.wikipedia.org/wiki/Season_(sports)
season growing,https://en.wikipedia.org/wiki/Growing_season